"Local Identifier","Title/Name","PSAP Assessment Score","Assessment Type","Location","Resource Type","Parent Resource","Format","Format Ink/Media Type","Format Support Type","Significance","Language","Rights","Description","Created","Updated","Has the disc been played back recently, or is there documentation of its playback quality?","Assess the level of palmitic acid deposits on the disc surface","If this disc is a lacquered (instantaneous) disc, what is the disc's core material?","Assess the level of dust, dirt or debris on this disc","Is this item exhibiting mold and/or pest (e.g. insect, rodent) damage?","What is the state of the disc, in terms of physical damage sustained?","Is the disc protected by an inner sleeve?","Does the container or item have any meaningful labeling?","Does this item have an appropriate container in good condition?","Is this item properly supported in storage?","Do you have appropriate playback equipment for this item?","Is this item played back or handled regularly?","Is this a unique item in terms of its content?"
"","2002.03.33.0816","29.25","Item-Level","Basement","Item"," ","Lacquer Disc"," "," ",""," ","","","2018-06-04T23:30:02Z","2018-06-05T00:46:46Z","Yes","Moderate","Cardboard","Moderate","Neither","Serious","Yes","Yes","Yes","Yes","Yes","No","Yes"
"","2002.03.33.0836","36.0","Item-Level","Basement","Item"," ","Lacquer Disc"," "," ",""," ","","","2018-06-19T23:33:53Z","2018-06-19T23:35:12Z","No","None","Metal","Slight/None","Neither","Fair","Yes","Yes","No","No","Yes","No","Yes"
"","2002.03.33.0842","77.0","Item-Level","Basement","Item"," ","Vinyl Disc"," "," ",""," ","","","2018-06-19T23:51:42Z","2018-06-20T00:43:30Z","No"," "," ","Slight/None","Neither","Good","Yes","Yes","No","No","Yes","No","Yes"
"","2002.03.33.0843","63.5","Item-Level","Basement","Item"," ","Vinyl Disc"," "," ",""," ","","","2018-06-20T00:44:36Z","2018-06-20T00:47:32Z","No"," "," ","Slight/None","Neither","Critical","Yes","Yes","No","No","Yes","No","Yes"
"","2002.03.33.0844","80.75","Item-Level","Basement","Item"," ","Vinyl Disc"," "," ",""," ","","","2018-06-20T00:58:07Z","2018-06-20T00:59:23Z","Yes"," "," ","Slight/None","Neither","Good","Yes","Yes","No","No","Yes","No","Yes"
"","2002.03.33.0845","76.25","Item-Level","Basement","Item"," ","Vinyl Disc"," "," ",""," ","","","2018-06-20T01:00:03Z","2018-06-20T01:01:25Z","Yes"," "," ","Slight/None","Neither","Fair","Yes","Yes","No","No","Yes","No","Yes"
"","2002.03.33.0846","76.25","Item-Level","Basement","Item"," ","Vinyl Disc"," "," ",""," ","","","2018-06-20T01:23:27Z","2018-06-20T01:26:15Z","Yes"," "," ","Slight/None","Neither","Fair","Yes","Yes","No","No","Yes","No","Yes"
"","2002.03.33.0847","72.5","Item-Level","Basement","Item"," ","Vinyl Disc"," "," ",""," ","","","2018-06-20T01:26:56Z","2018-06-20T01:28:21Z","No"," "," ","Slight/None","Neither","Fair","Yes","Yes","No","No","Yes","No","Yes"
"","2002.03.33.0848","68.0","Item-Level","Basement","Item"," ","Vinyl Disc"," "," ",""," ","","","2018-06-20T01:29:00Z","2018-06-20T01:30:01Z","No"," "," ","Slight/None","Neither","Serious","Yes","Yes","No","No","Yes","No","Yes"
"","2002.03.33.0849","76.25","Item-Level","Basement","Item"," ","Vinyl Disc"," "," ",""," ","","","2018-06-20T22:47:32Z","2018-06-20T22:48:22Z","Yes"," "," ","Slight/None","Neither","Fair","Yes","Yes","No","No","Yes","No","Yes"
"","2002.03.33.0850","76.25","Item-Level","Basement","Item"," ","Vinyl Disc"," "," ",""," ","","","2018-06-20T22:49:02Z","2018-06-20T22:50:05Z","Yes"," "," ","Slight/None","Neither","Fair","Yes","Yes","No","No","Yes","No","Yes"
"","2002.03.33.0851","76.25","Item-Level","Basement","Item"," ","Vinyl Disc"," "," ",""," ","","","2018-06-20T22:50:50Z","2018-06-20T22:52:09Z","Yes"," "," ","Slight/None","Neither","Fair","Yes","Yes","No","No","Yes","No","Yes"
"","2002.03.33.0852","72.5","Item-Level","Basement","Item"," ","Vinyl Disc"," "," ",""," ","","","2018-06-20T22:53:48Z","2018-06-20T22:55:59Z","No"," "," ","Slight/None","Neither","Fair","Yes","Yes","No","No","Yes","No","Yes"
"","2002.03.33.0853","76.25","Item-Level","Basement","Item"," ","Vinyl Disc"," "," ",""," ","","","2018-06-20T22:56:42Z","2018-06-20T22:58:01Z","Yes"," "," ","Slight/None","Neither","Fair","Yes","Yes","No","No","Yes","No","Yes"
"","2002.03.33.0854","76.25","Item-Level","Basement","Item"," ","Vinyl Disc"," "," ",""," ","","","2018-06-20T22:58:54Z","2018-06-20T23:00:28Z","Yes"," "," ","Slight/None","Neither","Fair","Yes","Yes","No","No","Yes","No","Yes"
"","2002.03.33.0855","76.25","Item-Level","Basement","Item"," ","Vinyl Disc"," "," ",""," ","","","2018-06-20T23:01:12Z","2018-06-20T23:02:35Z","Yes"," "," ","Slight/None","Neither","Fair","Yes","Yes","No","No","Yes","No","Yes"
"","2002.03.33.0856","76.25","Item-Level","Basement","Item"," ","Vinyl Disc"," "," ",""," ","","","2018-06-20T23:04:19Z","2018-06-20T23:05:29Z","Yes"," "," ","Slight/None","Neither","Fair","Yes","Yes","No","No","Yes","No","Yes"
"","2002.03.33.0857","76.25","Item-Level","Basement","Item"," ","Vinyl Disc"," "," ",""," ","","","2018-06-20T23:10:10Z","2018-06-20T23:34:48Z","Yes"," "," ","Slight/None","Neither","Fair","Yes","Yes","No","No","Yes","No","Yes"
"","2002.03.33.0858","76.25","Item-Level","Basement","Item"," ","Vinyl Disc"," "," ",""," ","","","2018-06-20T23:35:28Z","2018-06-20T23:36:30Z","Yes"," "," ","Slight/None","Neither","Fair","Yes","Yes","No","No","Yes","No","Yes"
"","2002.03.33.0859","76.25","Item-Level","Basement","Item"," ","Vinyl Disc"," "," ",""," ","","","2018-06-20T23:37:10Z","2018-06-20T23:38:45Z","Yes"," "," ","Slight/None","Neither","Fair","Yes","Yes","No","No","Yes","No","Yes"
"","2002.03.33.0860","76.25","Item-Level","Basement","Item"," ","Vinyl Disc"," "," ",""," ","","","2018-06-20T23:39:22Z","2018-06-20T23:40:13Z","Yes"," "," ","Slight/None","Neither","Fair","Yes","Yes","No","No","Yes","No","Yes"
"","2002.03.33.0861","71.75","Item-Level","Basement","Item"," ","Vinyl Disc"," "," ",""," ","","","2018-06-20T23:41:33Z","2018-06-20T23:43:20Z","Yes"," "," ","Slight/None","Neither","Serious","Yes","Yes","No","No","Yes","No","Yes"
"","2002.03.33.0862","80.75","Item-Level","Basement","Item"," ","Vinyl Disc"," "," ",""," ","","","2018-06-20T23:43:59Z","2018-06-20T23:45:15Z","Yes"," "," ","Slight/None","Neither","Good","Yes","Yes","No","No","Yes","No","Yes"
"","2002.03.33.0863","80.75","Item-Level","Basement","Item"," ","Vinyl Disc"," "," ",""," ","","","2018-06-20T23:46:07Z","2018-06-20T23:47:45Z","Yes"," "," ","Slight/None","Neither","Good","Yes","Yes","No","No","Yes","No","Yes"
"","2002.03.33.0864","70.75","Item-Level","Basement","Item"," ","Vinyl Disc"," "," ",""," ","","","2018-06-20T23:48:27Z","2018-06-20T23:49:42Z","Yes"," "," ","Moderate","Neither","Fair","Yes","Yes","No","No","Yes","No","Yes"
"","2002.03.33.0865","77.0","Item-Level","Basement","Item"," ","Vinyl Disc"," "," ",""," ","","","2018-06-20T23:50:25Z","2018-06-20T23:52:49Z","No"," "," ","Slight/None","Neither","Good","Yes","Yes","No","No","Yes","No","Yes"
"","2002.03.33.0866","72.5","Item-Level","Basement","Item"," ","Vinyl Disc"," "," ",""," ","","","2018-06-20T23:55:11Z","2018-06-20T23:56:05Z","No"," "," ","Slight/None","Neither","Fair","Yes","Yes","No","No","Yes","No","Yes"
"","2002.03.33.0867","76.25","Item-Level","Basement","Item"," ","Vinyl Disc"," "," ",""," ","","","2018-06-20T23:56:59Z","2018-06-20T23:58:04Z","Yes"," "," ","Slight/None","Neither","Fair","Yes","Yes","No","No","Yes","No","Yes"
"","2002.03.33.0868","76.25","Item-Level","Basement","Item"," ","Vinyl Disc"," "," ",""," ","","","2018-06-20T23:58:54Z","2018-06-21T00:00:25Z","Yes"," "," ","Slight/None","Neither","Fair","Yes","Yes","No","No","Yes","No","Yes"
"","2002.03.33.0869","71.75","Item-Level","Basement","Item"," ","Vinyl Disc"," "," ",""," ","","","2018-06-21T00:01:20Z","2018-06-21T00:03:36Z","Yes"," "," ","Slight/None","Neither","Serious","Yes","Yes","No","No","Yes","No","Yes"
"","2002.03.33.0870","76.25","Item-Level","Basement","Item"," ","Vinyl Disc"," "," ",""," ","","","2018-06-21T00:04:52Z","2018-06-21T00:07:57Z","Yes"," "," ","Slight/None","Neither","Fair","Yes","Yes","No","No","Yes","No","Yes"
"","2002.03.33.0871","71.75","Item-Level","Basement","Item"," ","Vinyl Disc"," "," ",""," ","","","2018-06-21T00:08:31Z","2018-06-21T00:10:04Z","Yes"," "," ","Slight/None","Neither","Serious","Yes","Yes","No","No","Yes","No","Yes"
"","2002.03.33.0872","72.5","Item-Level","Basement","Item"," ","Vinyl Disc"," "," ",""," ","","","2018-06-21T00:11:37Z","2018-06-21T00:12:52Z","No"," "," ","Slight/None","Neither","Fair","Yes","Yes","No","No","Yes","No","Yes"
"","2002.03.33.0873","77.0","Item-Level","Basement","Item"," ","Vinyl Disc"," "," ",""," ","","","2018-06-21T00:13:40Z","2018-06-21T00:14:35Z","No"," "," ","Slight/None","Neither","Good","Yes","Yes","No","No","Yes","No","Yes"
"","2002.03.33.0874","80.75","Item-Level","Basement","Item"," ","Vinyl Disc"," "," ",""," ","","","2018-06-21T00:20:01Z","2018-06-21T00:22:08Z","Yes"," "," ","Slight/None","Neither","Good","Yes","Yes","No","No","Yes","No","Yes"
"","2002.03.33.0875","68.0","Item-Level","Basement","Item"," ","Vinyl Disc"," "," ",""," ","","","2018-06-21T00:22:42Z","2018-06-21T00:35:37Z","No"," "," ","Slight/None","Neither","Serious","Yes","Yes","No","No","Yes","No","Yes"
"","2002.03.33.0876","77.0","Item-Level","Basement","Item"," ","Vinyl Disc"," "," ",""," ","","","2018-06-21T00:41:06Z","2018-06-21T00:42:31Z","No"," "," ","Slight/None","Neither","Good","Yes","Yes","No","No","Yes","No","Yes"
"","2002.03.33.0877","77.0","Item-Level","Basement","Item"," ","Vinyl Disc"," "," ",""," ","","","2018-06-21T00:43:05Z","2018-06-21T00:43:51Z","No"," "," ","Slight/None","Neither","Good","Yes","Yes","No","No","Yes","No","Yes"
"","2002.03.33.0878","72.5","Item-Level","Basement","Item"," ","Vinyl Disc"," "," ",""," ","","","2018-06-21T00:44:32Z","2018-06-21T00:45:22Z","No"," "," ","Slight/None","Neither","Fair","Yes","Yes","No","No","Yes","No","Yes"
"","2002.03.33.0879","72.5","Item-Level","Basement","Item"," ","Vinyl Disc"," "," ",""," ","","","2018-06-21T00:45:59Z","2018-06-21T00:47:06Z","No"," "," ","Slight/None","Neither","Fair","Yes","Yes","No","No","Yes","No","Yes"
"","2002.03.33.0880","77.0","Item-Level","Basement","Item"," ","Vinyl Disc"," "," ",""," ","","","2018-06-21T00:47:53Z","2018-06-21T00:48:38Z","No"," "," ","Slight/None","Neither","Good","Yes","Yes","No","No","Yes","No","Yes"
"","2002.03.33.0881","72.5","Item-Level","Basement","Item"," ","Vinyl Disc"," "," ",""," ","","","2018-06-21T00:49:15Z","2018-06-21T00:50:14Z","No"," "," ","Slight/None","Neither","Fair","Yes","Yes","No","No","Yes","No","Yes"
"","2002.03.33.0882","72.5","Item-Level","Basement","Item"," ","Vinyl Disc"," "," ",""," ","","","2018-06-21T00:50:45Z","2018-06-21T00:51:37Z","No"," "," ","Slight/None","Neither","Fair","Yes","Yes","No","No","Yes","No","Yes"
"","2002.03.33.0883","72.5","Item-Level","Basement","Item"," ","Vinyl Disc"," "," ",""," ","","","2018-06-21T00:52:08Z","2018-06-21T00:53:11Z","No"," "," ","Slight/None","Neither","Fair","Yes","Yes","No","No","Yes","No","Yes"
"","2002.03.33.0884","76.25","Item-Level","Basement","Item"," ","Vinyl Disc"," "," ",""," ","","","2018-06-21T00:55:24Z","2018-06-21T00:56:28Z","Yes"," "," ","Slight/None","Neither","Fair","Yes","Yes","No","No","Yes","No","Yes"
"","2002.03.33.0886","76.25","Item-Level","Basement","Item"," ","Vinyl Disc"," "," ",""," ","","","2018-06-21T00:58:59Z","2018-06-21T01:00:41Z","Yes"," "," ","Slight/None","Neither","Fair","Yes","Yes","No","No","Yes","No","Yes"
"","2002.03.33.0887","72.5","Item-Level","Basement","Item"," ","Vinyl Disc"," "," ",""," ","","","2018-06-21T01:01:15Z","2018-06-21T01:01:54Z","No"," "," ","Slight/None","Neither","Fair","Yes","Yes","No","No","Yes","No","Yes"
"","2002.03.33.0888","76.25","Item-Level","Basement","Item"," ","Vinyl Disc"," "," ",""," ","","","2018-06-21T01:02:26Z","2018-06-21T01:03:34Z","Yes"," "," ","Slight/None","Neither","Fair","Yes","Yes","No","No","Yes","No","Yes"
"","2002.03.33.0889","76.25","Item-Level","Basement","Item"," ","Vinyl Disc"," "," ",""," ","","","2018-06-21T01:04:23Z","2018-06-21T01:05:09Z","Yes"," "," ","Slight/None","Neither","Fair","Yes","Yes","No","No","Yes","No","Yes"
"","2002.03.33.0890","75.25","Item-Level","Basement","Item"," ","Vinyl Disc"," "," ",""," ","","","2018-06-21T01:05:48Z","2018-06-21T01:06:51Z","Yes"," "," ","Moderate","Neither","Good","Yes","Yes","No","No","Yes","No","Yes"
"","2002.03.33.0893","39.5","Item-Level","Basement","Item"," ","Lacquer Disc"," "," ",""," ","","","2018-06-21T01:12:00Z","2018-06-21T01:13:26Z","No","None","Metal","Slight/None","Neither","Good","Yes","Yes","No","No","Yes","No","Yes"
"","2002.03.33.0894","40.5","Item-Level","Basement","Item"," ","Lacquer Disc"," "," ",""," ","","","2018-06-26T23:46:18Z","2018-06-26T23:48:49Z","No","None","Metal","Slight/None","Neither","Good","Yes","Yes","No","Yes","Yes","No","Yes"
"","2002.03.33.0895","37.0","Item-Level","Basement","Item"," ","Lacquer Disc"," "," ",""," ","","","2018-06-26T23:49:57Z","2018-06-26T23:51:13Z","No","None","Metal","Slight/None","Neither","Fair","Yes","Yes","No","Yes","Yes","No","Yes"
"","2002.03.78.0666","39.25","Item-Level","Basement","Item"," ","Lacquer Disc"," "," ",""," ","","","2018-05-22T22:38:05Z","2018-05-22T23:40:38Z","Yes","Moderate","Metal","Slight/None","Neither","Fair","Yes","Yes","Yes","Yes","Yes","No","Yes"
"","2002.03.78.0667","42.5","Item-Level","Basement","Item"," ","Lacquer Disc"," "," ",""," ","","","2018-06-19T00:52:01Z","2018-06-19T00:54:32Z","No","None","Metal","Slight/None","Neither","Good","Yes","Yes","Yes","Yes","Yes","No","Yes"
"","2002.03.78.0668","42.5","Item-Level","Basement","Item"," ","Lacquer Disc"," "," ",""," ","","","2018-06-19T00:55:17Z","2018-06-19T00:58:05Z","No","None","Metal","Slight/None","Neither","Good","Yes","Yes","Yes","Yes","Yes","No","Yes"
"","2002.03.78.0669","39.0","Item-Level","Basement","Item"," ","Lacquer Disc"," "," ",""," ","","","2018-06-19T00:58:41Z","2018-06-19T01:00:01Z","No","None","Metal","Slight/None","Neither","Fair","Yes","Yes","Yes","Yes","Yes","No","Yes"
"","2002.03.78.0670","42.5","Item-Level","Basement","Item"," ","Lacquer Disc"," "," ",""," ","","","2018-06-19T01:00:39Z","2018-06-19T01:01:46Z","No","None","Metal","Slight/None","Neither","Good","Yes","Yes","Yes","Yes","Yes","No","Yes"
"","2002.03.78.0671","44.75","Item-Level","Basement","Item"," ","Lacquer Disc"," "," ",""," ","","","2018-05-22T22:42:07Z","2018-05-22T23:40:22Z","Yes","None","Metal","Slight/None","Neither","Good","Yes","Yes","Yes","Yes","Yes","No","Yes"
"","2002.03.78.0672","40.0","Item-Level","Basement","Item"," ","Lacquer Disc"," "," ",""," ","","","2018-06-19T01:02:30Z","2018-06-19T01:03:16Z","No","None","Cardboard","Slight/None","Neither","Good","Yes","Yes","Yes","Yes","Yes","No","Yes"
"","2002.03.78.0673","36.75","Item-Level","Basement","Item"," ","Lacquer Disc"," "," ",""," ","","","2018-05-22T22:43:43Z","2018-05-22T23:40:03Z","Yes","Moderate","Cardboard","Slight/None","Neither","Fair","Yes","Yes","Yes","Yes","Yes","No","Yes"
"","2002.03.78.0674","42.75","Item-Level","Basement","Item"," ","Lacquer Disc"," "," ",""," ","","","2018-05-22T22:45:29Z","2018-05-22T23:39:46Z","Yes","Moderate","Metal","Slight/None","Neither","Good","Yes","Yes","Yes","Yes","Yes","No","Yes"
"","2002.03.78.0676","36.75","Item-Level","Basement","Item"," ","Lacquer Disc"," "," ",""," ","","","2018-05-22T22:47:19Z","2018-05-22T23:39:30Z","Yes","Moderate","Cardboard","Slight/None","Neither","Fair","Yes","Yes","Yes","Yes","Yes","No","Yes"
"","2002.03.78.0677","36.75","Item-Level","Basement","Item"," ","Lacquer Disc"," "," ",""," ","","","2018-05-22T22:49:08Z","2018-05-22T23:39:14Z","Yes","Moderate","Cardboard","Slight/None","Neither","Fair","Yes","Yes","Yes","Yes","Yes","No","Yes"
"","2002.03.78.0678","29.75","Item-Level","Basement","Item"," ","Lacquer Disc"," "," ",""," ","","","2018-05-22T22:50:49Z","2018-05-22T23:38:55Z","Yes","Moderate","Cardboard","Slight/None","Neither","Critical","Yes","Yes","Yes","Yes","Yes","No","Yes"
"","2002.03.78.0679","36.75","Item-Level","Basement","Item"," ","Lacquer Disc"," "," ",""," ","","","2018-05-22T22:52:43Z","2018-05-22T23:38:11Z","Yes","Moderate","Cardboard","Slight/None","Neither","Fair","Yes","Yes","Yes","Yes","Yes","No","Yes"
"","2002.03.78.0680","36.25","Item-Level","Basement","Item"," ","Lacquer Disc"," "," ",""," ","","","2018-05-22T22:56:11Z","2018-05-22T23:37:53Z","Yes","Moderate","Metal","Slight/None","Mold","Fair","Yes","Yes","Yes","Yes","Yes","No","Yes"
"","2002.03.78.0681","44.75","Item-Level","Basement","Item"," ","Lacquer Disc"," "," ",""," ","","","2018-05-22T22:59:49Z","2018-05-22T23:37:35Z","Yes","None","Metal","Slight/None","Neither","Good","Yes","Yes","Yes","Yes","Yes","No","Yes"
"","2002.03.78.0682","39.25","Item-Level","Basement","Item"," ","Lacquer Disc"," "," ",""," ","","","2018-05-22T23:01:29Z","2018-05-22T23:37:17Z","Yes","Moderate","Metal","Slight/None","Neither","Fair","Yes","Yes","Yes","Yes","Yes","No","Yes"
"","2002.03.78.0683","39.25","Item-Level","Basement","Item"," ","Lacquer Disc"," "," ",""," ","","","2018-05-22T23:03:11Z","2018-05-22T23:36:56Z","Yes","Moderate","Metal","Slight/None","Neither","Fair","Yes","Yes","Yes","Yes","Yes","No","Yes"
"","2002.03.78.0684","35.75","Item-Level","Basement","Item"," ","Lacquer Disc"," "," ",""," ","","","2018-05-22T23:05:13Z","2018-05-22T23:36:31Z","Yes","Moderate","Metal","Slight/None","Neither","Serious","Yes","Yes","Yes","Yes","Yes","No","Yes"
"","2002.03.78.0685","39.25","Item-Level","Basement","Item"," ","Lacquer Disc"," "," ",""," ","","","2018-05-22T23:07:29Z","2018-05-22T23:35:53Z","Yes","Moderate","Metal","Slight/None","Neither","Fair","Yes","Yes","Yes","Yes","Yes","No","Yes"
"","2002.03.78.0686","39.25","Item-Level","Basement","Item"," ","Lacquer Disc"," "," ",""," ","","","2018-05-22T23:09:30Z","2018-05-22T23:35:35Z","Yes","Moderate","Metal","Slight/None","Neither","Fair","Yes","Yes","Yes","Yes","Yes","No","Yes"
"","2002.03.78.0687","42.75","Item-Level","Basement","Item"," ","Lacquer Disc"," "," ",""," ","","","2018-05-22T23:12:57Z","2018-05-22T23:35:13Z","Yes","Moderate","Metal","Slight/None","Neither","Good","Yes","Yes","Yes","Yes","Yes","No","Yes"
"","2002.03.78.0688","44.75","Item-Level","Basement","Item"," ","Lacquer Disc"," "," ",""," ","","","2018-05-22T23:14:35Z","2018-05-22T23:34:48Z","Yes","None","Metal","Slight/None","Neither","Good","Yes","Yes","Yes","Yes","Yes","No","Yes"
"","2002.03.78.0689","35.75","Item-Level","Basement","Item"," ","Lacquer Disc"," "," ",""," ","","","2018-05-22T23:16:21Z","2018-05-22T23:34:00Z","Yes","Moderate","Metal","Slight/None","Neither","Serious","Yes","Yes","Yes","Yes","Yes","No","Yes"
"","2002.03.78.0690","39.25","Item-Level","Basement","Item"," ","Lacquer Disc"," "," ",""," ","","","2018-05-22T23:18:18Z","2018-05-22T23:33:36Z","Yes","Moderate","Metal","Slight/None","Neither","Fair","Yes","Yes","Yes","Yes","Yes","No","Yes"
"","2002.03.78.0691","39.25","Item-Level","Basement","Item"," ","Lacquer Disc"," "," ",""," ","","","2018-05-22T23:20:17Z","2018-05-22T23:33:18Z","Yes","Moderate","Metal","Slight/None","Neither","Fair","Yes","Yes","Yes","Yes","Yes","No","Yes"
"","2002.03.78.0692","39.25","Item-Level","Basement","Item"," ","Lacquer Disc"," "," ",""," ","","","2018-05-22T23:27:11Z","2018-05-22T23:32:59Z","Yes","Moderate","Metal","Slight/None","Neither","Fair","Yes","Yes","Yes","Yes","Yes","No","Yes"
"","2002.03.78.0693","42.5","Item-Level","Basement","Item"," ","Lacquer Disc"," "," ",""," ","","","2018-06-19T01:05:46Z","2018-06-19T01:08:09Z","No","None","Metal","Slight/None","Neither","Good","Yes","Yes","Yes","Yes","Yes","No","Yes"
"","2002.03.78.0694","39.25","Item-Level","Basement","Item"," ","Lacquer Disc"," "," ",""," ","","","2018-05-22T23:28:57Z","2018-05-22T23:32:27Z","Yes","Moderate","Metal","Slight/None","Neither","Fair","Yes","Yes","Yes","Yes","Yes","No","Yes"
"","2002.03.78.0695","39.25","Item-Level","Basement","Item"," ","Lacquer Disc"," "," ",""," ","","","2018-05-22T23:41:08Z","2018-05-22T23:42:01Z","Yes","Moderate","Metal","Slight/None","Neither","Fair","Yes","Yes","Yes","Yes","Yes","No","Yes"
"","2002.03.78.0696","39.25","Item-Level","Basement","Item"," ","Lacquer Disc"," "," ",""," ","","","2018-05-22T23:42:39Z","2018-05-22T23:43:34Z","Yes","Moderate","Metal","Slight/None","Neither","Fair","Yes","Yes","Yes","Yes","Yes","No","Yes"
"","2002.03.78.0697","42.5","Item-Level","Basement","Item"," ","Lacquer Disc"," "," ",""," ","","","2018-06-19T01:08:57Z","2018-06-19T01:10:06Z","No","None","Metal","Slight/None","Neither","Good","Yes","Yes","Yes","Yes","Yes","No","Yes"
"","2002.03.78.0698","42.5","Item-Level","Basement","Item"," ","Lacquer Disc"," "," ",""," ","","","2018-06-19T01:10:50Z","2018-06-19T01:11:53Z","No","None","Metal","Slight/None","Neither","Good","Yes","Yes","Yes","Yes","Yes","No","Yes"
"","2002.03.78.0699","42.5","Item-Level","Basement","Item"," ","Lacquer Disc"," "," ",""," ","","","2018-06-19T01:12:36Z","2018-06-19T01:13:22Z","No","None","Metal","Slight/None","Neither","Good","Yes","Yes","Yes","Yes","Yes","No","Yes"
"","2002.03.78.0700","33.0","Item-Level","Basement","Item"," ","Lacquer Disc"," "," ",""," ","","","2018-06-19T01:16:32Z","2018-06-19T01:17:47Z","No","None","Cardboard","Slight/None","Neither","Serious","Yes","Yes","Yes","Yes","Yes","No","Yes"
"","2002.03.78.0701","33.75","Item-Level","Basement","Item"," ","Lacquer Disc"," "," ",""," ","","","2018-05-22T23:44:59Z","2018-06-05T00:47:26Z","Yes","High","Metal","Slight/None","Neither","Serious","Yes","Yes","Yes","Yes","Yes","No","Yes"
"","2002.03.78.0702","33.75","Item-Level","Basement","Item"," ","Lacquer Disc"," "," ",""," ","","","2018-05-22T23:46:34Z","2018-05-22T23:47:22Z","Yes","High","Metal","Slight/None","Neither","Serious","Yes","Yes","Yes","Yes","Yes","No","Yes"
"","2002.03.78.0703","36.5","Item-Level","Basement","Item"," ","Lacquer Disc"," "," ",""," ","","","2018-06-19T01:18:20Z","2018-06-19T01:19:25Z","No","None","Cardboard","Slight/None","Neither","Fair","Yes","Yes","Yes","Yes","Yes","No","Yes"
"","2002.03.78.0704","46.0","Item-Level","Basement","Item"," ","Lacquer Disc"," "," ",""," ","","","2018-06-19T01:20:15Z","2018-06-19T01:21:03Z","No","None","Metal","Slight/None","Neither","Excellent","Yes","Yes","Yes","Yes","Yes","No","Yes"
"","2002.03.78.0705","46.0","Item-Level","Basement","Item"," ","Lacquer Disc"," "," ",""," ","","","2018-06-19T01:21:46Z","2018-06-19T01:22:35Z","No","None","Metal","Slight/None","Neither","Excellent","Yes","Yes","Yes","Yes","Yes","No","Yes"
"","2002.03.78.0706","39.0","Item-Level","Basement","Item"," ","Lacquer Disc"," "," ",""," ","","","2018-06-19T22:40:21Z","2018-06-19T23:05:04Z","No","None","Metal","Slight/None","Neither","Fair","Yes","Yes","Yes","Yes","Yes","No","Yes"
"","2002.03.78.0707","33.75","Item-Level","Basement","Item"," ","Lacquer Disc"," "," ",""," ","","","2018-05-22T23:47:59Z","2018-05-22T23:48:44Z","Yes","High","Metal","Slight/None","Neither","Serious","Yes","Yes","Yes","Yes","Yes","No","Yes"
"","2002.03.78.0708","39.25","Item-Level","Basement","Item"," ","Lacquer Disc"," "," ",""," ","","","2018-05-22T23:49:24Z","2018-05-22T23:50:29Z","Yes","Moderate","Metal","Slight/None","Neither","Fair","Yes","Yes","Yes","Yes","Yes","No","Yes"
"","2002.03.78.0709","39.25","Item-Level","Basement","Item"," ","Lacquer Disc"," "," ",""," ","","","2018-05-22T23:51:16Z","2018-05-22T23:52:04Z","Yes","Moderate","Metal","Slight/None","Neither","Fair","Yes","Yes","Yes","Yes","Yes","No","Yes"
"","2002.03.78.0710","36.5","Item-Level","Basement","Item"," ","Lacquer Disc"," "," ",""," ","","","2018-06-19T23:06:20Z","2018-06-19T23:08:19Z","No","None","Cardboard","Slight/None","Neither","Fair","Yes","Yes","Yes","Yes","Yes","No","Yes"
"","2002.03.78.0711","36.5","Item-Level","Basement","Item"," ","Lacquer Disc"," "," ",""," ","","","2018-06-19T23:08:57Z","2018-06-19T23:09:47Z","No","None","Cardboard","Slight/None","Neither","Fair","Yes","Yes","Yes","Yes","Yes","No","Yes"
"","2002.03.78.0712","46.0","Item-Level","Basement","Item"," ","Lacquer Disc"," "," ",""," ","","","2018-06-19T23:10:32Z","2018-06-19T23:11:29Z","No","None","Metal","Slight/None","Neither","Excellent","Yes","Yes","Yes","Yes","Yes","No","Yes"
"","2002.03.78.0714","39.25","Item-Level","Basement","Item"," ","Lacquer Disc"," "," ",""," ","","","2018-05-23T23:01:59Z","2018-05-23T23:03:23Z","Yes","Moderate","Metal","Slight/None","Neither","Fair","Yes","Yes","Yes","Yes","Yes","No","Yes"
"","2002.03.78.0715","44.75","Item-Level","Basement","Item"," ","Lacquer Disc"," "," ",""," ","","","2018-06-05T01:01:32Z","2018-06-05T01:03:14Z","Yes","None","Metal","Slight/None","Neither","Good","Yes","Yes","Yes","Yes","Yes","No","Yes"
"","2002.03.78.0716","44.75","Item-Level","Basement","Item"," ","Lacquer Disc"," "," ",""," ","","","2018-06-05T01:03:55Z","2018-06-05T01:05:01Z","Yes","None","Metal","Slight/None","Neither","Good","Yes","Yes","Yes","Yes","Yes","No","Yes"
"","2002.03.78.0717","48.25","Item-Level","Basement","Item"," ","Lacquer Disc"," "," ",""," ","","","2018-06-05T01:10:13Z","2018-06-05T01:11:11Z","Yes","None","Metal","Slight/None","Neither","Excellent","Yes","Yes","Yes","Yes","Yes","No","Yes"
"","2002.03.78.0718","44.75","Item-Level","Basement","Item"," ","Lacquer Disc"," "," ",""," ","","","2018-06-05T01:11:57Z","2018-06-05T01:12:49Z","Yes","None","Metal","Slight/None","Neither","Good","Yes","Yes","Yes","Yes","Yes","No","Yes"
"","2002.03.78.0719","35.25","Item-Level","Basement","Item"," ","Lacquer Disc"," "," ",""," ","","","2018-06-05T01:15:37Z","2018-06-05T01:17:34Z","Yes","None","Cardboard","Slight/None","Neither","Serious","Yes","Yes","Yes","Yes","Yes","No","Yes"
"","2002.03.78.0720","28.000000000000004","Item-Level","Basement","Item"," ","Lacquer Disc"," "," ",""," ","","","2018-06-05T01:18:39Z","2018-06-05T01:20:10Z","No","High","Metal","Slight/None","Neither","Critical","Yes","Yes","Yes","Yes","Yes","No","Yes"
"","2002.03.78.0721","39.25","Item-Level","Basement","Item"," ","Lacquer Disc"," "," ",""," ","","","2018-05-23T23:04:14Z","2018-05-23T23:05:13Z","Yes","Moderate","Metal","Slight/None","Neither","Fair","Yes","Yes","Yes","Yes","Yes","No","Yes"
"","2002.03.78.0722","39.25","Item-Level","Basement","Item"," ","Lacquer Disc"," "," ",""," ","","","2018-05-23T23:05:55Z","2018-05-23T23:07:02Z","Yes","Moderate","Metal","Slight/None","Neither","Fair","Yes","Yes","Yes","Yes","Yes","No","Yes"
"","2002.03.78.0723","44.75","Item-Level","Basement","Item"," ","Lacquer Disc"," "," ",""," ","","","2018-06-05T01:22:10Z","2018-06-05T01:23:01Z","Yes","None","Metal","Slight/None","Neither","Good","Yes","Yes","Yes","Yes","Yes","No","Yes"
"","2002.03.78.0724","44.75","Item-Level","Basement","Item"," ","Lacquer Disc"," "," ",""," ","","","2018-05-23T23:07:49Z","2018-06-26T00:46:00Z","Yes","None","Metal","Slight/None","Neither","Good","Yes","Yes","Yes","Yes","Yes","No","Yes"
"","2002.03.78.0725","33.75","Item-Level","Basement","Item"," ","Lacquer Disc"," "," ",""," ","","","2018-06-06T00:37:36Z","2018-06-06T00:38:29Z","Yes","High","Metal","Slight/None","Neither","Serious","Yes","Yes","Yes","Yes","Yes","No","Yes"
"","2002.03.78.0726","39.25","Item-Level","Basement","Item"," ","Lacquer Disc"," "," ",""," ","","","2018-05-23T23:09:37Z","2018-05-23T23:10:30Z","Yes","Moderate","Metal","Slight/None","Neither","Fair","Yes","Yes","Yes","Yes","Yes","No","Yes"
"","2002.03.78.0728","39.25","Item-Level","Basement","Item"," ","Lacquer Disc"," "," ",""," ","","","2018-05-23T23:11:06Z","2018-05-23T23:12:56Z","Yes","Moderate","Metal","Slight/None","Neither","Fair","Yes","Yes","Yes","Yes","Yes","No","Yes"
"","2002.03.78.0729","44.75","Item-Level","Basement","Item"," ","Lacquer Disc"," "," ",""," ","","","2018-05-23T23:13:44Z","2018-05-23T23:49:31Z","Yes","None","Metal","Slight/None","Neither","Good","Yes","Yes","Yes","Yes","Yes","No","Yes"
"","2002.03.78.0730","35.25","Item-Level","Basement","Item"," ","Lacquer Disc"," "," ",""," ","","","2018-05-23T23:55:56Z","2018-05-23T23:56:48Z","Yes","Moderate","Metal","Moderate","Neither","Fair","Yes","Yes","Yes","Yes","Yes","No","Yes"
"","2002.03.78.0731","33.75","Item-Level","Basement","Item"," ","Lacquer Disc"," "," ",""," ","","","2018-05-23T23:57:41Z","2018-05-23T23:59:07Z","Yes","High","Metal","Slight/None","Neither","Serious","Yes","Yes","Yes","Yes","Yes","No","Yes"
"","2002.03.78.0732","35.25","Item-Level","Basement","Item"," ","Lacquer Disc"," "," ",""," ","","","2018-06-06T00:49:36Z","2018-06-06T00:50:37Z","Yes","None","Cardboard","Slight/None","Neither","Serious","Yes","Yes","Yes","Yes","Yes","No","Yes"
"","2002.03.78.0733","36.75","Item-Level","Basement","Item"," ","Lacquer Disc"," "," ",""," ","","","2018-06-06T23:02:19Z","2018-06-06T23:13:45Z","Yes","None","Cardboard","Slight/None","Neither","Fair","Yes","Yes","No","Yes","Yes","No","Yes"
"","2002.03.78.0734","36.75","Item-Level","Basement","Item"," ","Lacquer Disc"," "," ",""," ","","","2018-06-06T23:11:26Z","2018-06-06T23:12:43Z","Yes","None","Cardboard","Slight/None","Neither","Fair","Yes","Yes","No","Yes","Yes","No","Yes"
"","2002.03.78.0735","36.75","Item-Level","Basement","Item"," ","Lacquer Disc"," "," ",""," ","","","2018-06-06T23:14:17Z","2018-06-06T23:15:21Z","Yes","None","Cardboard","Slight/None","Neither","Fair","Yes","Yes","No","Yes","Yes","No","Yes"
"","2002.03.78.0736","36.75","Item-Level","Basement","Item"," ","Lacquer Disc"," "," ",""," ","","","2018-06-06T23:15:57Z","2018-06-06T23:16:43Z","Yes","None","Cardboard","Slight/None","Neither","Fair","Yes","Yes","No","Yes","Yes","No","Yes"
"","2002.03.78.0737","36.75","Item-Level","Basement","Item"," ","Lacquer Disc"," "," ",""," ","","","2018-06-06T23:17:18Z","2018-06-06T23:18:10Z","Yes","None","Cardboard","Slight/None","Neither","Fair","Yes","Yes","No","Yes","Yes","No","Yes"
"","2002.03.78.0738","44.75","Item-Level","Basement","Item"," ","Lacquer Disc"," "," ",""," ","","","2018-06-06T00:51:15Z","2018-06-06T00:52:24Z","Yes","None","Metal","Slight/None","Neither","Good","Yes","Yes","Yes","Yes","Yes","No","Yes"
"","2002.03.78.0739","44.75","Item-Level","Basement","Item"," ","Lacquer Disc"," "," ",""," ","","","2018-06-06T00:52:56Z","2018-06-06T00:53:48Z","Yes","None","Metal","Slight/None","Neither","Good","Yes","Yes","Yes","Yes","Yes","No","Yes"
"","2002.03.78.0740","38.75","Item-Level","Basement","Item"," ","Lacquer Disc"," "," ",""," ","","","2018-06-06T00:54:29Z","2018-06-06T00:55:29Z","Yes","None","Cardboard","Slight/None","Neither","Fair","Yes","Yes","Yes","Yes","Yes","No","Yes"
"","2002.03.78.0741","32.0","Item-Level","Basement","Item"," ","Lacquer Disc"," "," ",""," ","","","2018-06-06T00:56:19Z","2018-06-06T00:58:11Z","No","None","Metal","Slight/None","Neither","Critical","Yes","Yes","Yes","Yes","Yes","No","Yes"
"","2002.03.78.0742","44.75","Item-Level","Basement","Item"," ","Lacquer Disc"," "," ",""," ","","","2018-06-06T00:58:51Z","2018-06-06T01:00:47Z","Yes","None","Metal","Slight/None","Neither","Good","Yes","Yes","Yes","Yes","Yes","No","Yes"
"","2002.03.78.0743","33.75","Item-Level","Basement","Item"," ","Lacquer Disc"," "," ",""," ","","","2018-05-24T00:00:35Z","2018-05-24T00:01:24Z","Yes","High","Metal","Slight/None","Neither","Serious","Yes","Yes","Yes","Yes","Yes","No","Yes"
"","2002.03.78.0744","42.5","Item-Level","Basement","Item"," ","Lacquer Disc"," "," ",""," ","","","2018-06-06T01:02:02Z","2018-06-06T01:04:36Z","No","None","Metal","Slight/None","Neither","Good","Yes","Yes","Yes","Yes","Yes","No","Yes"
"","2002.03.78.0745","44.75","Item-Level","Basement","Item"," ","Lacquer Disc"," "," ",""," ","","","2018-06-06T01:05:11Z","2018-06-06T01:06:17Z","Yes","None","Metal","Slight/None","Neither","Good","Yes","Yes","Yes","Yes","Yes","No","Yes"
"","2002.03.78.0746","41.25","Item-Level","Basement","Item"," ","Lacquer Disc"," "," ",""," ","","","2018-06-06T01:07:02Z","2018-06-06T01:08:05Z","Yes","None","Metal","Slight/None","Neither","Fair","Yes","Yes","Yes","Yes","Yes","No","Yes"
"","2002.03.78.0747","41.25","Item-Level","Basement","Item"," ","Lacquer Disc"," "," ",""," ","","","2018-06-06T01:08:38Z","2018-06-06T01:09:39Z","Yes","None","Metal","Slight/None","Neither","Fair","Yes","Yes","Yes","Yes","Yes","No","Yes"
"","2002.03.78.0748","39.0","Item-Level","Basement","Item"," ","Lacquer Disc"," "," ",""," ","","","2018-06-06T01:10:09Z","2018-06-06T01:11:58Z","No","None","Metal","Slight/None","Neither","Fair","Yes","Yes","Yes","Yes","Yes","No","Yes"
"","2002.03.78.0749","44.75","Item-Level","Basement","Item"," ","Lacquer Disc"," "," ",""," ","","","2018-06-06T01:12:33Z","2018-06-06T01:14:02Z","Yes","None","Metal","Slight/None","Neither","Good","Yes","Yes","Yes","Yes","Yes","No","Yes"
"","2002.03.78.0750","44.75","Item-Level","Basement","Item"," ","Lacquer Disc"," "," ",""," ","","","2018-06-06T01:14:36Z","2018-06-06T01:16:12Z","Yes","None","Metal","Slight/None","Neither","Good","Yes","Yes","Yes","Yes","Yes","No","Yes"
"","2002.03.78.0751","41.25","Item-Level","Basement","Item"," ","Lacquer Disc"," "," ",""," ","","","2018-06-06T01:16:49Z","2018-06-06T01:18:26Z","Yes","None","Metal","Slight/None","Neither","Fair","Yes","Yes","Yes","Yes","Yes","No","Yes"
"","2002.03.78.0752","41.25","Item-Level","Basement","Item"," ","Lacquer Disc"," "," ",""," ","","","2018-06-06T01:25:15Z","2018-06-06T01:26:36Z","Yes","None","Metal","Slight/None","Neither","Fair","Yes","Yes","Yes","Yes","Yes","No","Yes"
"","2002.03.78.0753","41.25","Item-Level","Basement","Item"," ","Lacquer Disc"," "," ",""," ","","","2018-06-06T22:40:39Z","2018-06-06T22:42:28Z","Yes","None","Metal","Slight/None","Neither","Fair","Yes","Yes","Yes","Yes","Yes","No","Yes"
"","2002.03.78.0754","44.75","Item-Level","Basement","Item"," ","Lacquer Disc"," "," ",""," ","","","2018-06-06T22:43:07Z","2018-06-06T22:44:02Z","Yes","None","Metal","Slight/None","Neither","Good","Yes","Yes","Yes","Yes","Yes","No","Yes"
"","2002.03.78.0755","44.75","Item-Level","Basement","Item"," ","Lacquer Disc"," "," ",""," ","","","2018-06-06T22:44:41Z","2018-06-06T22:45:42Z","Yes","None","Metal","Slight/None","Neither","Good","Yes","Yes","Yes","Yes","Yes","No","Yes"
"","2002.03.78.0756","41.25","Item-Level","Basement","Item"," ","Lacquer Disc"," "," ",""," ","","","2018-06-06T22:46:16Z","2018-06-06T22:47:16Z","Yes","None","Metal","Slight/None","Neither","Fair","Yes","Yes","Yes","Yes","Yes","No","Yes"
"","2002.03.78.0757","44.75","Item-Level","Basement","Item"," ","Lacquer Disc"," "," ",""," ","","","2018-06-06T22:47:46Z","2018-06-06T22:48:47Z","Yes","None","Metal","Slight/None","Neither","Good","Yes","Yes","Yes","Yes","Yes","No","Yes"
"","2002.03.78.0758","40.75","Item-Level","Basement","Item"," ","Lacquer Disc"," "," ",""," ","","","2018-06-06T22:49:23Z","2018-06-06T22:50:36Z","Yes","None","Metal","Moderate","Neither","Good","Yes","Yes","Yes","Yes","Yes","No","Yes"
"","2002.03.78.0759","30.0","Item-Level","Basement","Item"," ","Lacquer Disc"," "," ",""," ","","","2018-06-06T22:51:17Z","2018-06-06T22:52:21Z","No","Moderate","Metal","Slight/None","Neither","Critical","Yes","Yes","Yes","Yes","Yes","No","Yes"
"","2002.03.78.0760","44.75","Item-Level","Basement","Item"," ","Lacquer Disc"," "," ",""," ","","","2018-06-06T22:53:01Z","2018-06-06T22:54:01Z","Yes","None","Metal","Slight/None","Neither","Good","Yes","Yes","Yes","Yes","Yes","No","Yes"
"","2002.03.78.0761","37.25","Item-Level","Basement","Item"," ","Lacquer Disc"," "," ",""," ","","","2018-06-06T22:54:37Z","2018-06-06T22:55:44Z","Yes","None","Metal","Moderate","Neither","Fair","Yes","Yes","Yes","Yes","Yes","No","Yes"
"","2002.03.78.0762","32.0","Item-Level","Basement","Item"," ","Lacquer Disc"," "," ",""," ","","","2018-06-06T22:56:31Z","2018-06-06T22:57:22Z","No","None","Metal","Slight/None","Neither","Critical","Yes","Yes","Yes","Yes","Yes","No","Yes"
"","2002.03.78.0763","33.5","Item-Level","Basement","Item"," ","Lacquer Disc"," "," ",""," ","","","2018-06-06T22:58:01Z","2018-06-06T23:00:30Z","No","Moderate","Metal","Slight/None","Neither","Serious","Yes","Yes","Yes","Yes","Yes","No","Yes"
"","2002.03.78.0764","33.75","Item-Level","Basement","Item"," ","Lacquer Disc"," "," ",""," ","","","2018-05-24T00:02:12Z","2018-05-24T00:03:13Z","Yes","High","Metal","Slight/None","Neither","Serious","Yes","Yes","Yes","Yes","Yes","No","Yes"
"","2002.03.78.0765","33.25","Item-Level","Basement","Item"," ","Lacquer Disc"," "," ",""," ","","","2018-06-06T23:19:11Z","2018-06-06T23:20:29Z","Yes","None","Cardboard","Slight/None","Neither","Serious","Yes","Yes","No","Yes","Yes","No","Yes"
"","2002.03.78.0766","36.75","Item-Level","Basement","Item"," ","Lacquer Disc"," "," ",""," ","","","2018-06-06T23:21:04Z","2018-06-06T23:21:59Z","Yes","None","Cardboard","Slight/None","Neither","Fair","Yes","Yes","No","Yes","Yes","No","Yes"
"","2002.03.78.0767","36.75","Item-Level","Basement","Item"," ","Lacquer Disc"," "," ",""," ","","","2018-06-06T23:22:30Z","2018-06-06T23:23:31Z","Yes","None","Cardboard","Slight/None","Neither","Fair","Yes","Yes","No","Yes","Yes","No","Yes"
"","2002.03.78.0768","36.75","Item-Level","Basement","Item"," ","Lacquer Disc"," "," ",""," ","","","2018-06-06T23:24:01Z","2018-06-06T23:25:11Z","Yes","None","Cardboard","Slight/None","Neither","Fair","Yes","Yes","No","Yes","Yes","No","Yes"
"","2002.03.78.0769","36.75","Item-Level","Basement","Item"," ","Lacquer Disc"," "," ",""," ","","","2018-06-06T23:25:42Z","2018-06-06T23:26:57Z","Yes","None","Cardboard","Slight/None","Neither","Fair","Yes","Yes","No","Yes","Yes","No","Yes"
"","2002.03.78.0770","36.75","Item-Level","Basement","Item"," ","Lacquer Disc"," "," ",""," ","","","2018-06-06T23:27:58Z","2018-06-06T23:30:14Z","Yes","None","Cardboard","Slight/None","Neither","Fair","Yes","Yes","No","Yes","Yes","No","Yes"
"","2002.03.78.0771","36.75","Item-Level","Basement","Item"," ","Lacquer Disc"," "," ",""," ","","","2018-06-06T23:31:00Z","2018-06-06T23:31:59Z","Yes","None","Cardboard","Slight/None","Neither","Fair","Yes","Yes","No","Yes","Yes","No","Yes"
"","2002.03.78.0772","36.75","Item-Level","Basement","Item"," ","Lacquer Disc"," "," ",""," ","","","2018-06-06T23:32:35Z","2018-06-06T23:33:31Z","Yes","None","Cardboard","Slight/None","Neither","Fair","Yes","Yes","No","Yes","Yes","No","Yes"
"","2002.03.78.0773","36.75","Item-Level","Basement","Item"," ","Lacquer Disc"," "," ",""," ","","","2018-06-06T23:34:03Z","2018-06-06T23:34:49Z","Yes","None","Cardboard","Slight/None","Neither","Fair","Yes","Yes","No","Yes","Yes","No","Yes"
"","2002.03.78.0774","36.75","Item-Level","Basement","Item"," ","Lacquer Disc"," "," ",""," ","","","2018-06-06T23:39:08Z","2018-06-06T23:40:06Z","Yes","None","Cardboard","Slight/None","Neither","Fair","Yes","Yes","No","Yes","Yes","No","Yes"
"","2002.03.78.0775","40.25","Item-Level","Basement","Item"," ","Lacquer Disc"," "," ",""," ","","","2018-06-06T23:40:37Z","2018-06-06T23:41:42Z","Yes","None","Cardboard","Slight/None","Neither","Good","Yes","Yes","No","Yes","Yes","No","Yes"
"","2002.03.78.0776","36.75","Item-Level","Basement","Item"," ","Lacquer Disc"," "," ",""," ","","","2018-06-06T23:42:26Z","2018-06-06T23:43:15Z","Yes","None","Cardboard","Slight/None","Neither","Fair","Yes","Yes","No","Yes","Yes","No","Yes"
"","2002.03.78.0777","31.25","Item-Level","Basement","Item"," ","Lacquer Disc"," "," ",""," ","","","2018-06-06T23:44:09Z","2018-06-06T23:45:24Z","Yes","Moderate","Cardboard","Slight/None","Neither","Serious","Yes","Yes","No","Yes","Yes","No","Yes"
"","2002.03.78.0778","31.25","Item-Level","Basement","Item"," ","Lacquer Disc"," "," ",""," ","","","2018-06-06T23:45:59Z","2018-06-06T23:47:09Z","Yes","Moderate","Cardboard","Slight/None","Neither","Serious","Yes","Yes","No","Yes","Yes","No","Yes"
"","2002.03.78.0779","36.75","Item-Level","Basement","Item"," ","Lacquer Disc"," "," ",""," ","","","2018-06-06T23:47:45Z","2018-06-06T23:51:02Z","Yes","None","Cardboard","Slight/None","Neither","Fair","Yes","Yes","No","Yes","Yes","No","Yes"
"","2002.03.78.0780","36.75","Item-Level","Basement","Item"," ","Lacquer Disc"," "," ",""," ","","","2018-06-06T23:51:37Z","2018-06-06T23:52:41Z","Yes","None","Cardboard","Slight/None","Neither","Fair","Yes","Yes","No","Yes","Yes","No","Yes"
"","2002.03.78.0781","36.75","Item-Level","Basement","Item"," ","Lacquer Disc"," "," ",""," ","","","2018-06-06T23:53:24Z","2018-06-06T23:54:14Z","Yes","None","Cardboard","Slight/None","Neither","Fair","Yes","Yes","No","Yes","Yes","No","Yes"
"","2002.03.78.0782","36.75","Item-Level","Basement","Item"," ","Lacquer Disc"," "," ",""," ","","","2018-06-06T23:54:43Z","2018-06-06T23:55:38Z","Yes","None","Cardboard","Slight/None","Neither","Fair","Yes","Yes","No","Yes","Yes","No","Yes"
"","2002.03.78.0783","36.75","Item-Level","Basement","Item"," ","Lacquer Disc"," "," ",""," ","","","2018-06-06T23:56:09Z","2018-06-06T23:57:09Z","Yes","None","Cardboard","Slight/None","Neither","Fair","Yes","Yes","No","Yes","Yes","No","Yes"
"","2002.03.78.0784","36.75","Item-Level","Basement","Item"," ","Lacquer Disc"," "," ",""," ","","","2018-06-06T23:57:37Z","2018-06-06T23:58:21Z","Yes","None","Cardboard","Slight/None","Neither","Fair","Yes","Yes","No","Yes","Yes","No","Yes"
"","2002.03.78.0785","36.75","Item-Level","Basement","Item"," ","Lacquer Disc"," "," ",""," ","","","2018-06-06T23:58:55Z","2018-06-07T00:00:09Z","Yes","None","Cardboard","Slight/None","Neither","Fair","Yes","Yes","No","Yes","Yes","No","Yes"
"","2002.03.78.0813","35.25","Item-Level","Basement","Item"," ","Lacquer Disc"," "," ",""," ","","","2018-05-24T00:04:22Z","2018-05-24T00:12:19Z","Yes","Moderate","Metal","Moderate","Neither","Fair","Yes","Yes","Yes","Yes","Yes","No","Yes"
"","2002.03.78.0815","37.25","Item-Level","Basement","Item"," ","Lacquer Disc"," "," ",""," ","","","2018-06-04T23:27:39Z","2018-06-04T23:28:47Z","Yes","High","Metal","Slight/None","Neither","Fair","Yes","Yes","Yes","Yes","Yes","No","Yes"
"","2002.03.78.0817","35.25","Item-Level","Basement","Item"," ","Lacquer Disc"," "," ",""," ","","","2018-06-04T23:33:56Z","2018-06-04T23:35:12Z","Yes","None","Metal","Moderate","Neither","Fair","Yes","Yes","No","Yes","Yes","No","Yes"
"","2002.03.78.0818","35.25","Item-Level","Basement","Item"," ","Lacquer Disc"," "," ",""," ","","","2018-06-04T23:36:40Z","2018-06-04T23:37:46Z","Yes","None","Cardboard","Slight/None","Neither","Serious","Yes","Yes","Yes","Yes","Yes","No","Yes"
"","2002.03.78.0819","31.75","Item-Level","Basement","Item"," ","Lacquer Disc"," "," ",""," ","","","2018-06-04T23:38:33Z","2018-06-04T23:39:43Z","Yes","None","Cardboard","Slight/None","Neither","Critical","Yes","Yes","Yes","Yes","Yes","No","Yes"
"","2002.03.78.0820","35.25","Item-Level","Basement","Item"," ","Lacquer Disc"," "," ",""," ","","","2018-06-04T23:40:23Z","2018-06-04T23:41:43Z","Yes","None","Cardboard","Slight/None","Neither","Serious","Yes","Yes","Yes","Yes","Yes","No","Yes"
"","2002.03.78.0822","42.75","Item-Level","Basement","Item"," ","Lacquer Disc"," "," ",""," ","","","2018-06-04T23:43:12Z","2018-06-04T23:44:09Z","Yes","None","Metal","Slight/None","Neither","Good","Yes","Yes","No","Yes","Yes","No","Yes"
"","2002.03.78.0823","35.25","Item-Level","Basement","Item"," ","Lacquer Disc"," "," ",""," ","","","2018-06-04T23:44:52Z","2018-06-04T23:45:39Z","Yes","Moderate","Metal","Moderate","Neither","Fair","Yes","Yes","Yes","Yes","Yes","No","Yes"
"","2002.03.78.0824","35.25","Item-Level","Basement","Item"," ","Lacquer Disc"," "," ",""," ","","","2018-06-04T23:46:20Z","2018-06-05T00:45:34Z","Yes","None","Cardboard","Slight/None","Neither","Serious","Yes","Yes","Yes","Yes","Yes","No","Yes"
"","2002.03.78.0825","31.75","Item-Level","Basement","Item"," ","Lacquer Disc"," "," ",""," ","","","2018-06-05T00:46:20Z","2018-06-05T00:48:31Z","Yes","None","Cardboard","Slight/None","Neither","Critical","Yes","Yes","Yes","Yes","Yes","No","Yes"
"","2002.03.78.0826","31.75","Item-Level","Basement","Item"," ","Lacquer Disc"," "," ",""," ","","","2018-06-05T00:49:26Z","2018-06-05T00:51:47Z","Yes","None","Cardboard","Slight/None","Neither","Critical","Yes","Yes","Yes","Yes","Yes","No","Yes"
"","2002.03.78.0827","31.75","Item-Level","Basement","Item"," ","Lacquer Disc"," "," ",""," ","","","2018-06-05T00:53:29Z","2018-06-05T00:54:33Z","Yes","None","Cardboard","Slight/None","Neither","Critical","Yes","Yes","Yes","Yes","Yes","No","Yes"
"","2002.03.78.0828","34.75","Item-Level","Basement","Item"," ","Lacquer Disc"," "," ",""," ","","","2018-06-05T00:55:34Z","2018-06-05T00:59:00Z","Yes","None","Cardboard","Moderate","Neither","Fair","Yes","Yes","Yes","Yes","Yes","No","Yes"
"","2002.03.78.0833","21.25","Item-Level","Basement","Item"," ","Lacquer Disc"," "," ",""," ","","","2018-06-19T23:24:14Z","2018-06-19T23:26:26Z","Yes","Moderate","Metal","Severe","Neither","Critical","Yes","Yes","No","No","Yes","No","Yes"
"","2002.03.78.0834","31.25","Item-Level","Basement","Item"," ","Lacquer Disc"," "," ",""," ","","","2018-06-19T23:29:34Z","2018-06-19T23:33:15Z","Yes","None","Metal","Slight/None","Neither","Critical","Yes","Yes","No","No","Yes","No","Yes"
"","2002.03.78.0835","38.25","Item-Level","Basement","Item"," ","Lacquer Disc"," "," ",""," ","","","2018-06-19T23:31:21Z","2018-06-19T23:32:38Z","Yes","None","Metal","Slight/None","Neither","Fair","Yes","Yes","No","No","Yes","No","Yes"
"","2002.03.78.0837","39.25","Item-Level","Basement","Item"," ","Lacquer Disc"," "," ",""," ","","","2018-06-19T23:35:50Z","2018-06-19T23:37:16Z","Yes","None","Cardboard","Slight/None","Neither","Good","Yes","Yes","No","No","Yes","No","Yes"
"","2002.03.78.0839","28.999999999999996","Item-Level","Basement","Item"," ","Lacquer Disc"," "," ",""," ","","","2018-06-19T23:38:31Z","2018-06-19T23:42:16Z","No","None","Metal","Slight/None","Neither","Critical","Yes","Yes","No","No","Yes","No","Yes"
"","2002.03.78.0891","39.5","Item-Level","Basement","Item"," ","Lacquer Disc"," "," ",""," ","","","2018-06-21T01:10:22Z","2018-06-21T01:11:24Z","No","None","Metal","Slight/None","Neither","Good","Yes","Yes","No","No","Yes","No","Yes"
"","2002.03.78.0892","32.5","Item-Level","Basement","Item"," ","Lacquer Disc"," "," ",""," ","","","2018-06-21T01:08:18Z","2018-06-21T01:09:26Z","No","None","Metal","Slight/None","Neither","Serious","Yes","Yes","No","No","Yes","No","Yes"
"","2002.03.78.0894","24.0","Item-Level","Basement","Item"," ","Lacquer Disc"," "," ",""," ","","","2018-06-26T23:12:45Z","2018-06-26T23:14:58Z","No","None","Metal","Severe","Neither","Critical","Yes","Yes","Yes","Yes","Yes","No","Yes"
"","2002.03.78.0895","28.000000000000004","Item-Level","Basement","Item"," ","Lacquer Disc"," "," ",""," ","","","2018-06-26T23:16:05Z","2018-06-26T23:17:20Z","No","None","Metal","Moderate","Neither","Critical","Yes","Yes","Yes","Yes","Yes","No","Yes"
"","2002.03.78.0896","31.5","Item-Level","Basement","Item"," ","Shellac Disc"," "," ",""," ","","","2018-06-26T23:18:04Z","2018-06-26T23:27:37Z","No"," "," ","Slight/None","Neither","Critical","Yes","Yes","Yes","Yes","Yes","No","Yes"
"","2002.03.78.1050","42.5","Item-Level","Basement","Item"," ","Lacquer Disc"," "," ",""," ","","","2018-06-07T01:23:43Z","2018-06-07T01:26:19Z","No","None","Metal","Slight/None","Neither","Good","Yes","Yes","Yes","Yes","Yes","No","Yes"
"","2002.03.78.1223","23.5","Item-Level","Basement","Item"," ","Lacquer Disc"," "," ",""," ","","","2018-06-18T23:40:49Z","2018-06-19T00:47:54Z","No","Moderate","Cardboard","Moderate","Neither","Critical","Yes","Yes","Yes","Yes","Yes","No","Yes"
"","2002.03.78.2024","34.5","Item-Level","Basement","Item"," ","Lacquer Disc"," "," ",""," ","","","2018-05-24T00:38:39Z","2018-05-24T00:44:43Z","No","None","Cardboard","Slight/None","Neither","Fair","Yes","Yes","No","Yes","Yes","No","Yes"
"","2002.03.78.2025","38.0","Item-Level","Basement","Item"," ","Lacquer Disc"," "," ",""," ","","","2018-05-24T00:45:45Z","2018-05-24T00:47:04Z","No","None","Cardboard","Slight/None","Neither","Good","Yes","Yes","No","Yes","Yes","No","Yes"
"","2002.03.78.2026","34.5","Item-Level","Basement","Item"," ","Lacquer Disc"," "," ",""," ","","","2018-05-24T00:51:46Z","2018-05-24T00:52:33Z","No","None","Cardboard","Slight/None","Neither","Fair","Yes","Yes","No","Yes","Yes","No","Yes"
"","2002.03.78.2027","34.5","Item-Level","Basement","Item"," ","Lacquer Disc"," "," ",""," ","","","2018-05-24T00:53:38Z","2018-05-24T00:54:51Z","No","None","Cardboard","Slight/None","Neither","Fair","Yes","Yes","No","Yes","Yes","No","Yes"
"","2002.03.78.2028","38.0","Item-Level","Basement","Item"," ","Lacquer Disc"," "," ",""," ","","","2018-05-24T00:56:51Z","2018-05-24T00:59:07Z","No","None","Cardboard","Slight/None","Neither","Good","Yes","Yes","No","Yes","Yes","No","Yes"
"","2002.03.78.2029","34.5","Item-Level","Basement","Item"," ","Lacquer Disc"," "," ",""," ","","","2018-05-24T01:24:14Z","2018-05-24T01:25:27Z","No","None","Cardboard","Slight/None","Neither","Fair","Yes","Yes","No","Yes","Yes","No","Yes"
"","2002.03.78.2030","38.0","Item-Level","Basement","Item"," ","Lacquer Disc"," "," ",""," ","","","2018-05-24T01:26:02Z","2018-05-24T01:26:56Z","No","None","Cardboard","Slight/None","Neither","Good","Yes","Yes","No","Yes","Yes","No","Yes"
"","2002.03.78.2031","34.5","Item-Level","Basement","Item"," ","Lacquer Disc"," "," ",""," ","","","2018-05-30T01:12:25Z","2018-05-30T01:13:58Z","No","None","Cardboard","Slight/None","Neither","Fair","Yes","Yes","No","Yes","Yes","No","Yes"
"","2002.03.78.2032","31.0","Item-Level","Basement","Item"," ","Lacquer Disc"," "," ",""," ","","","2018-05-30T01:15:32Z","2018-05-30T01:23:09Z","No","None","Cardboard","Slight/None","Neither","Serious","Yes","Yes","No","Yes","Yes","No","Yes"
"","2002.03.78.2033","31.0","Item-Level","Basement","Item"," ","Lacquer Disc"," "," ",""," ","","","2018-05-30T01:27:20Z","2018-05-30T23:05:41Z","No","None","Cardboard","Slight/None","Neither","Serious","Yes","Yes","No","Yes","Yes","No","Yes"
"","2002.03.78.2034","31.0","Item-Level","Basement","Item"," ","Lacquer Disc"," "," ",""," ","","","2018-05-30T23:06:18Z","2018-05-30T23:07:09Z","No","None","Cardboard","Slight/None","Neither","Serious","Yes","Yes","No","Yes","Yes","No","Yes"
"","2002.03.78.2035","40.5","Item-Level","Basement","Item"," ","Lacquer Disc"," "," ",""," ","","","2018-05-30T01:17:46Z","2018-05-30T01:25:02Z","No","None","Metal","Slight/None","Neither","Good","Yes","Yes","No","Yes","Yes","No","Yes"
"","2002.03.78.2036","38.0","Item-Level","Basement","Item"," ","Lacquer Disc"," "," ",""," ","","","2018-05-30T23:10:02Z","2018-05-30T23:11:01Z","No","None","Cardboard","Slight/None","Neither","Good","Yes","Yes","No","Yes","Yes","No","Yes"
"","2002.03.78.2037","34.5","Item-Level","Basement","Item"," ","Lacquer Disc"," "," ",""," ","","","2018-05-30T23:11:48Z","2018-05-30T23:13:04Z","No","None","Cardboard","Slight/None","Neither","Fair","Yes","Yes","No","Yes","Yes","No","Yes"
"","2002.03.78.2038","38.0","Item-Level","Basement","Item"," ","Lacquer Disc"," "," ",""," ","","","2018-05-30T23:13:39Z","2018-05-30T23:14:31Z","No","None","Cardboard","Slight/None","Neither","Good","Yes","Yes","No","Yes","Yes","No","Yes"
"","2002.03.78.2039","38.0","Item-Level","Basement","Item"," ","Lacquer Disc"," "," ",""," ","","","2018-05-30T23:15:05Z","2018-05-30T23:16:05Z","No","None","Cardboard","Slight/None","Neither","Good","Yes","Yes","No","Yes","Yes","No","Yes"
"","2002.03.78.2040","30.0","Item-Level","Basement","Item"," ","Lacquer Disc"," "," ",""," ","","","2018-05-30T23:18:13Z","2018-06-05T00:52:44Z","No","None","Metal","Slight/None","Neither","Critical","Yes","Yes","No","Yes","Yes","No","Yes"
"","2002.03.78.2041","34.5","Item-Level","Basement","Item"," ","Lacquer Disc"," "," ",""," ","","","2018-05-30T23:20:34Z","2018-05-30T23:21:27Z","No","None","Cardboard","Slight/None","Neither","Fair","Yes","Yes","No","Yes","Yes","No","Yes"
"","2002.03.78.2042","38.0","Item-Level","Basement","Item"," ","Lacquer Disc"," "," ",""," ","","","2018-05-30T23:22:06Z","2018-05-30T23:22:51Z","No","None","Cardboard","Slight/None","Neither","Good","Yes","Yes","No","Yes","Yes","No","Yes"
"","2002.03.78.2043","34.5","Item-Level","Basement","Item"," ","Lacquer Disc"," "," ",""," ","","","2018-05-30T23:23:29Z","2018-06-05T00:50:29Z","No","None","Cardboard","Slight/None","Neither","Fair","Yes","Yes","No","Yes","Yes","No","Yes"
"","2002.03.78.2044","38.0","Item-Level","Basement","Item"," ","Lacquer Disc"," "," ",""," ","","","2018-05-30T23:27:02Z","2018-05-30T23:28:23Z","No","None","Cardboard","Slight/None","Neither","Good","Yes","Yes","No","Yes","Yes","No","Yes"
"","2002.03.78.2045","38.0","Item-Level","Basement","Item"," ","Lacquer Disc"," "," ",""," ","","","2018-05-30T23:28:58Z","2018-05-30T23:29:58Z","No","None","Cardboard","Slight/None","Neither","Good","Yes","Yes","No","Yes","Yes","No","Yes"
"","2002.03.78.2046","34.5","Item-Level","Basement","Item"," ","Lacquer Disc"," "," ",""," ","","","2018-05-30T23:30:42Z","2018-05-30T23:31:37Z","No","None","Cardboard","Slight/None","Neither","Fair","Yes","Yes","No","Yes","Yes","No","Yes"
"","2002.03.78.2047","34.5","Item-Level","Basement","Item"," ","Lacquer Disc"," "," ",""," ","","","2018-05-30T23:32:17Z","2018-05-30T23:35:12Z","No","None","Cardboard","Slight/None","Neither","Fair","Yes","Yes","No","Yes","Yes","No","Yes"
"","2002.03.78.2048","34.5","Item-Level","Basement","Item"," ","Lacquer Disc"," "," ",""," ","","","2018-05-30T23:35:46Z","2018-06-05T00:49:54Z","No","None","Cardboard","Slight/None","Neither","Fair","Yes","Yes","No","Yes","Yes","No","Yes"
"","2002.03.78.2049","34.5","Item-Level","Basement","Item"," ","Lacquer Disc"," "," ",""," ","","","2018-05-30T23:37:35Z","2018-05-30T23:38:39Z","No","None","Cardboard","Slight/None","Neither","Fair","Yes","Yes","No","Yes","Yes","No","Yes"
"","2002.03.78.2050","38.0","Item-Level","Basement","Item"," ","Lacquer Disc"," "," ",""," ","","","2018-05-30T23:39:12Z","2018-05-30T23:40:07Z","No","None","Cardboard","Slight/None","Neither","Good","Yes","Yes","No","Yes","Yes","No","Yes"
"","2002.03.78.2051","34.0","Item-Level","Basement","Item"," ","Lacquer Disc"," "," ",""," ","","","2018-05-30T23:42:22Z","2018-05-30T23:43:35Z","No","None","Cardboard","Moderate","Neither","Good","Yes","Yes","No","Yes","Yes","No","Yes"
"","2002.03.78.2052","34.0","Item-Level","Basement","Item"," ","Lacquer Disc"," "," ",""," ","","","2018-05-30T23:44:47Z","2018-05-30T23:45:43Z","No","None","Cardboard","Moderate","Neither","Good","Yes","Yes","No","Yes","Yes","No","Yes"
"","2002.03.78.2053","38.0","Item-Level","Basement","Item"," ","Lacquer Disc"," "," ",""," ","","","2018-05-30T23:47:18Z","2018-05-30T23:48:25Z","No","None","Cardboard","Slight/None","Neither","Good","Yes","Yes","No","Yes","Yes","No","Yes"
"","2002.03.78.2054","38.0","Item-Level","Basement","Item"," ","Lacquer Disc"," "," ",""," ","","","2018-05-30T23:49:00Z","2018-05-30T23:49:46Z","No","None","Cardboard","Slight/None","Neither","Good","Yes","Yes","No","Yes","Yes","No","Yes"
"","2002.03.78.2055","34.5","Item-Level","Basement","Item"," ","Lacquer Disc"," "," ",""," ","","","2018-05-30T23:50:23Z","2018-05-30T23:52:17Z","No","None","Cardboard","Slight/None","Neither","Fair","Yes","Yes","No","Yes","Yes","No","Yes"
"","2002.03.78.2056","34.5","Item-Level","Basement","Item"," ","Lacquer Disc"," "," ",""," ","","","2018-05-30T23:52:51Z","2018-05-30T23:53:36Z","No","None","Cardboard","Slight/None","Neither","Fair","Yes","Yes","No","Yes","Yes","No","Yes"
"","2002.03.78.2057","34.5","Item-Level","Basement","Item"," ","Lacquer Disc"," "," ",""," ","","","2018-05-30T23:54:11Z","2018-05-30T23:54:58Z","No","None","Cardboard","Slight/None","Neither","Fair","Yes","Yes","No","Yes","Yes","No","Yes"
"","2002.03.78.2058","31.0","Item-Level","Basement","Item"," ","Lacquer Disc"," "," ",""," ","","","2018-05-30T23:55:44Z","2018-05-30T23:56:50Z","No","None","Cardboard","Slight/None","Neither","Serious","Yes","Yes","No","Yes","Yes","No","Yes"
"","2002.03.78.2059","31.0","Item-Level","Basement","Item"," ","Lacquer Disc"," "," ",""," ","","","2018-05-30T23:57:28Z","2018-05-30T23:58:16Z","No","None","Cardboard","Slight/None","Neither","Serious","Yes","Yes","No","Yes","Yes","No","Yes"
"","2002.03.78.2060","31.0","Item-Level","Basement","Item"," ","Lacquer Disc"," "," ",""," ","","","2018-05-30T23:58:53Z","2018-05-30T23:59:35Z","No","None","Cardboard","Slight/None","Neither","Serious","Yes","Yes","No","Yes","Yes","No","Yes"
"","2002.03.78.2061","31.0","Item-Level","Basement","Item"," ","Lacquer Disc"," "," ",""," ","","","2018-05-31T00:00:04Z","2018-05-31T00:00:44Z","No","None","Cardboard","Slight/None","Neither","Serious","Yes","Yes","No","Yes","Yes","No","Yes"
"","2002.03.78.2475","42.5","Item-Level","Basement","Item"," ","Lacquer Disc"," "," ",""," ","","","2018-05-22T01:08:09Z","2018-05-22T01:08:41Z","No","None","Metal","Slight/None","Neither","Good","Yes","Yes","Yes","Yes","Yes","No","Yes"
"","2002.03.78.2476","40.5","Item-Level","Basement","Item"," ","Lacquer Disc"," "," ",""," ","","","2018-05-22T01:06:49Z","2018-05-22T01:07:34Z","No","Moderate","Metal","Slight/None","Neither","Good","Yes","Yes","Yes","Yes","Yes","No","Yes"
"","2002.03.78.2477","40.5","Item-Level","Basement","Item"," ","Lacquer Disc"," "," ",""," ","","","2018-05-22T01:05:34Z","2018-05-22T01:06:08Z","No","Moderate","Metal","Slight/None","Neither","Good","Yes","Yes","Yes","Yes","Yes","No","Yes"
"","2002.03.78.2478","42.5","Item-Level","Basement","Item"," ","Lacquer Disc"," "," ",""," ","","","2018-05-22T01:03:56Z","2018-05-22T01:04:37Z","No","None","Metal","Slight/None","Neither","Good","Yes","Yes","Yes","Yes","Yes","No","Yes"
"","2002.03.78.2479","39.0","Item-Level","Basement","Item"," ","Lacquer Disc"," "," ",""," ","","","2018-05-22T01:02:48Z","2018-05-22T01:03:22Z","No","None","Metal","Slight/None","Neither","Fair","Yes","Yes","Yes","Yes","Yes","No","Yes"
"","2002.03.78.2480","42.5","Item-Level","Basement","Item"," ","Lacquer Disc"," "," ",""," ","","","2018-05-22T01:01:49Z","2018-05-22T01:02:13Z","No","None","Metal","Slight/None","Neither","Good","Yes","Yes","Yes","Yes","Yes","No","Yes"
"","2002.03.78.2481","42.5","Item-Level","Basement","Item"," ","Lacquer Disc"," "," ",""," ","","","2018-05-22T01:00:28Z","2018-05-22T01:00:59Z","No","None","Metal","Slight/None","Neither","Good","Yes","Yes","Yes","Yes","Yes","No","Yes"
"","2002.03.78.2482","42.5","Item-Level","Basement","Item"," ","Lacquer Disc"," "," ",""," ","","","2018-05-22T00:59:19Z","2018-05-22T00:59:52Z","No","None","Metal","Slight/None","Neither","Good","Yes","Yes","Yes","Yes","Yes","No","Yes"
"","2002.03.78.2483","37.0","Item-Level","Basement","Item"," ","Lacquer Disc"," "," ",""," ","","","2018-05-22T00:57:44Z","2018-05-22T00:58:35Z","No","Moderate","Metal","Slight/None","Neither","Fair","Yes","Yes","Yes","Yes","Yes","No","Yes"
"","2002.03.78.2484","37.0","Item-Level","Basement","Item"," ","Lacquer Disc"," "," ",""," ","","","2018-05-22T00:56:30Z","2018-05-22T00:57:06Z","No","Moderate","Metal","Slight/None","Neither","Fair","Yes","Yes","Yes","Yes","Yes","No","Yes"
"","2002.03.78.2485","37.0","Item-Level","Basement","Item"," ","Lacquer Disc"," "," ",""," ","","","2018-05-22T00:55:08Z","2018-05-22T00:55:52Z","No","Moderate","Metal","Slight/None","Neither","Fair","Yes","Yes","Yes","Yes","Yes","No","Yes"
"","2002.03.78.2486","33.5","Item-Level","Basement","Item"," ","Lacquer Disc"," "," ",""," ","","","2018-05-22T00:53:36Z","2018-05-22T00:54:26Z","No","Moderate","Metal","Slight/None","Neither","Serious","Yes","Yes","Yes","Yes","Yes","No","Yes"
"","2002.03.78.2487","33.5","Item-Level","Basement","Item"," ","Lacquer Disc"," "," ",""," ","","","2018-05-22T00:52:22Z","2018-05-22T00:53:03Z","No","Moderate","Metal","Slight/None","Neither","Serious","Yes","Yes","Yes","Yes","Yes","No","Yes"
"","2002.03.78.2488","37.0","Item-Level","Basement","Item"," ","Lacquer Disc"," "," ",""," ","","","2018-05-22T00:51:05Z","2018-05-22T00:51:45Z","No","Moderate","Metal","Slight/None","Neither","Fair","Yes","Yes","Yes","Yes","Yes","No","Yes"
"","2002.03.78.2489","37.0","Item-Level","Basement","Item"," ","Lacquer Disc"," "," ",""," ","","","2018-05-22T00:49:48Z","2018-05-22T00:50:22Z","No","Moderate","Metal","Slight/None","Neither","Fair","Yes","Yes","Yes","Yes","Yes","No","Yes"
"","2002.03.78.2490","37.0","Item-Level","Basement","Item"," ","Lacquer Disc"," "," ",""," ","","","2018-05-22T00:48:37Z","2018-05-22T00:49:09Z","No","Moderate","Metal","Slight/None","Neither","Fair","Yes","Yes","Yes","Yes","Yes","No","Yes"
"","2002.03.78.2491","37.0","Item-Level","Basement","Item"," ","Lacquer Disc"," "," ",""," ","","","2018-05-22T00:47:20Z","2018-05-22T00:47:58Z","No","Moderate","Metal","Slight/None","Neither","Fair","Yes","Yes","Yes","Yes","Yes","No","Yes"
"","2002.03.78.2492","39.0","Item-Level","Basement","Item"," ","Lacquer Disc"," "," ",""," ","","","2018-05-22T00:46:03Z","2018-05-22T00:46:42Z","No","None","Metal","Slight/None","Neither","Fair","Yes","Yes","Yes","Yes","Yes","No","Yes"
"","2002.03.78.2493","37.0","Item-Level","Basement","Item"," ","Lacquer Disc"," "," ",""," ","","","2018-05-22T00:44:32Z","2018-05-22T00:45:27Z","No","Moderate","Metal","Slight/None","Neither","Fair","Yes","Yes","Yes","Yes","Yes","No","Yes"
"","2002.03.78.2494","37.0","Item-Level","Basement","Item"," ","Lacquer Disc"," "," ",""," ","","","2018-05-22T00:43:11Z","2018-05-22T00:43:54Z","No","Moderate","Metal","Slight/None","Neither","Fair","Yes","Yes","Yes","Yes","Yes","No","Yes"
"","2002.03.78.2495","36.0","Item-Level","Basement","Item"," ","Lacquer Disc"," "," ",""," ","","","2018-05-22T00:41:44Z","2018-05-22T00:42:32Z","No","None","Metal","Slight/None","Mold","Fair","Yes","Yes","Yes","Yes","Yes","No","Yes"
"","2002.03.78.2496","39.0","Item-Level","Basement","Item"," ","Lacquer Disc"," "," ",""," ","","","2018-05-22T00:40:16Z","2018-05-22T00:41:06Z","No","None","Metal","Slight/None","Neither","Fair","Yes","Yes","Yes","Yes","Yes","No","Yes"
"","2002.03.78.2497","31.5","Item-Level","Basement","Item"," ","Lacquer Disc"," "," ",""," ","","","2018-05-22T00:38:45Z","2018-05-22T00:39:39Z","No","Moderate","Cardboard","Slight/None","Mold","Fair","Yes","Yes","Yes","Yes","Yes","No","Yes"
"","2002.03.78.2498","33.5","Item-Level","Basement","Item"," ","Lacquer Disc"," "," ",""," ","","","2018-05-22T00:34:43Z","2018-05-22T00:38:08Z","No","Moderate","Metal","Slight/None","Neither","Serious","Yes","Yes","Yes","Yes","Yes","No","Yes"
"","2002.03.78.2499","37.0","Item-Level","Basement","Item"," ","Lacquer Disc"," "," ",""," ","","","2018-05-22T00:33:23Z","2018-05-22T00:34:05Z","No","Moderate","Metal","Slight/None","Neither","Fair","Yes","Yes","Yes","Yes","Yes","No","Yes"
"","2002.03.78.2500","37.0","Item-Level","Basement","Item"," ","Lacquer Disc"," "," ",""," ","","","2018-05-22T00:31:57Z","2018-05-22T00:32:40Z","No","Moderate","Metal","Slight/None","Neither","Fair","Yes","Yes","Yes","Yes","Yes","No","Yes"
"","2002.03.78.2501","37.0","Item-Level","Basement","Item"," ","Lacquer Disc"," "," ",""," ","","","2018-05-22T00:30:37Z","2018-05-22T00:31:20Z","No","Moderate","Metal","Slight/None","Neither","Fair","Yes","Yes","Yes","Yes","Yes","No","Yes"
"","2002.03.78.2502","37.0","Item-Level","Basement","Item"," ","Lacquer Disc"," "," ",""," ","","","2018-05-22T00:29:17Z","2018-05-22T00:29:58Z","No","Moderate","Metal","Slight/None","Neither","Fair","Yes","Yes","Yes","Yes","Yes","No","Yes"
"","2002.03.78.2503","37.0","Item-Level","Basement","Item"," ","Lacquer Disc"," "," ",""," ","","","2018-05-22T22:40:13Z","2018-05-22T22:40:59Z","No","Moderate","Metal","Slight/None","Neither","Fair","Yes","Yes","Yes","Yes","Yes","No","Yes"
"","2002.03.78.2504","47.5","Item-Level","Basement","Item"," ","Unidentified"," "," ",""," ","","","2018-05-22T00:27:01Z","2018-05-22T00:27:40Z","No"," "," ","Slight/None","Mold","Fair","Yes","Yes","Yes","Yes","Yes","No","Yes"
"","2002.03.78.2663","42.5","Item-Level","Basement","Item"," ","Lacquer Disc"," "," ",""," ","","","2018-06-26T00:35:36Z","2018-06-26T00:36:25Z","No","None","Metal","Slight/None","Neither","Good","Yes","Yes","Yes","Yes","Yes","No","Yes"
"","2002.03.78.2665","36.5","Item-Level","Basement","Item"," ","Lacquer Disc"," "," ",""," ","","","2018-06-26T01:27:28Z","2018-06-26T01:28:20Z","No","None","Cardboard","Slight/None","Neither","Fair","Yes","Yes","Yes","Yes","Yes","No","Yes"
"","2002.03.78.2666","40.0","Item-Level","Basement","Item"," ","Lacquer Disc"," "," ",""," ","","","2018-06-26T01:27:48Z","2018-06-26T01:29:04Z","No","None","Cardboard","Slight/None","Neither","Good","Yes","Yes","Yes","Yes","Yes","No","Yes"
"","2013.03.trans.001","39.25","Item-Level","Basement","Item"," ","Lacquer Disc"," "," ",""," ","","","2018-05-24T00:14:23Z","2018-05-24T00:16:20Z","Yes","Moderate","Metal","Slight/None","Neither","Fair","Yes","Yes","Yes","Yes","Yes","No","Yes"
"","2013.03.trans.002","44.75","Item-Level","Basement","Item"," ","Lacquer Disc"," "," ",""," ","","","2018-05-24T00:21:53Z","2018-05-24T00:25:44Z","Yes","None","Metal","Slight/None","Neither","Good","Yes","Yes","Yes","Yes","Yes","No","Yes"
"","Betty Ecke Tseng-Yuho Collection","0.0","Unknown","Phase III; Ground floor A053 Cage","Collection"," ",""," "," ","Moderate"," ","No Deed of Gift","Papers of Betty Ecke (Tseng-Yuho). Papers cleared out of professor Ecke's office at University of Hawaii. No Deed of Gift.","2015-07-22T21:12:20Z","2015-07-22T21:12:20Z"," "," "," "," "," "," "," "," "," "," "," "," "," "
"","David Asherman papers","0.0","Unknown","Phase III; Ground floor A053 Cage","Collection"," ",""," "," ","Moderate"," ","","","2015-07-22T00:25:50Z","2015-07-22T00:26:26Z"," "," "," "," "," "," "," "," "," "," "," "," "," "
"","Dietrich Varez","0.0","Unknown","Phase III; Ground floor A053 Cage","Collection"," ",""," "," ",""," ","","","2015-07-22T00:27:37Z","2015-07-22T00:27:37Z"," "," "," "," "," "," "," "," "," "," "," "," "," "
"","Digital Art Society of Hawaii","0.0","Unknown","Phase III; Ground floor A053 Cage","Collection"," ",""," "," ","Moderate"," ","","Business records for local non-profit. Business registered December 5, 1995. Purpose: to organize local computer artists in an effort to promote digital fine are.  This is to be done through art exhibits, workshops, social exchanges (Dept of Commerce & Consumer Affairs, business name search).","2015-07-22T20:59:45Z","2015-07-22T21:00:39Z"," "," "," "," "," "," "," "," "," "," "," "," "," "
"","Double folio","0.0","Unknown","Phase I; 3rd floor; #305","Collection"," ",""," "," ","Moderate"," ","","Double folio volumes stored flat.","2015-07-16T01:48:16Z","2015-07-16T01:48:16Z"," "," "," "," "," "," "," "," "," "," "," "," "," "
"","Francis Haar Collection","0.0","Unknown","Phase III; Ground floor A053 Cage","Collection"," ",""," "," ","High"," ","Photographer Tom Haar, the artist's son, retains rights.","Papers and photographs of fine art photographer Francis Haar","2015-07-22T21:31:31Z","2015-07-22T21:31:31Z"," "," "," "," "," "," "," "," "," "," "," "," "," "
"","Honolulu Academy of Arts slides","0.0","Unknown","Phase III; Ground floor A053 Cage","Collection"," ",""," "," ","Low"," ","","Slides from the Honolulu Academy of Arts, now known as the Honolulu Museum of Art.","2015-07-22T21:10:08Z","2015-07-22T21:10:08Z"," "," "," "," "," "," "," "," "," "," "," "," "," "
"","John Dapper Collection","0.0","Unknown","Phase III; Ground floor A053 Cage","Collection"," ",""," "," ","Moderate"," ","","Artist papers and original framed watercolors","2015-07-22T00:29:12Z","2015-07-22T00:29:12Z"," "," "," "," "," "," "," "," "," "," "," "," "," "
"","John Kelly Collection","0.0","Unknown","Phase III; Ground floor A053 Cage","Collection"," ",""," "," ","High"," ","","","2015-07-22T00:28:21Z","2015-07-22T00:28:21Z"," "," "," "," "," "," "," "," "," "," "," "," "," "
"","John Wisnosky Collection","0.0","Unknown","Phase III; Ground floor A053 Cage","Collection"," ",""," "," ","Moderate"," ","","Artist papers of John Wisnosky. Former painting professor at the University of Hawaii at Manoa's art department. Occasionally painted under the alias Sam Redspoon.","2015-07-22T21:15:13Z","2015-07-22T21:15:13Z"," "," "," "," "," "," "," "," "," "," "," "," "," "
"","Jonathan Martin Collection (sp)","0.0","Unknown","Phase III; Ground floor A053 Cage","Collection"," ",""," "," ",""," ","","Artist papers and photographs.","2015-07-22T21:17:27Z","2015-07-22T21:17:27Z"," "," "," "," "," "," "," "," "," "," "," "," "," "
"","Juliette May Fraser Collection","0.0","Unknown","Phase III; Ground floor A053 Cage","Collection"," ",""," "," ","High"," ","","Artist papers, photos, sketches and mural drawings. Oversize mural drawings were rolled for long-term storage (2014-2015). Artist papers are partially processed, need to be labeled and rehoused in archival folders.","2015-07-16T02:19:46Z","2015-07-22T00:24:20Z"," "," "," "," "," "," "," "," "," "," "," "," "," "
"","Kenneth Kingrey Collection","0.0","Unknown","Phase III; Ground floor A053 Cage","Collection"," ",""," "," ","High"," ","","Artist papers of former design professor for the University of Hawaii at Manoa art department. ","2015-07-22T21:28:50Z","2015-07-22T21:28:50Z"," "," "," "," "," "," "," "," "," "," "," "," "," "
"","Madge Tennent Collection","0.0","Unknown","Phase III; Ground floor A053 Cage","Collection"," ",""," "," ",""," ","","Madge Tennent papers from Donald Angus.","2015-07-22T00:30:07Z","2015-07-22T00:30:07Z"," "," "," "," "," "," "," "," "," "," "," "," "," "
"","Olson","0.0","Unknown","Phase III; Ground floor A053 Cage","Collection"," ",""," "," ",""," ","","","2015-07-22T20:48:51Z","2015-07-22T20:48:51Z"," "," "," "," "," "," "," "," "," "," "," "," "," "
"","Rare books","0.0","Unknown","Phase III; 5th floor; A553D","Collection"," ",""," "," ","High"," ","","Rare books, excluding Asia, Hawaii and Pacific materials.","2015-07-16T01:55:19Z","2015-07-16T01:55:19Z"," "," "," "," "," "," "," "," "," "," "," "," "," "
"","Rare journals","0.0","Unknown","Phase I; 3rd floor; #304","Collection"," ",""," "," ",""," ","","","2015-07-16T01:45:31Z","2015-07-16T01:45:31Z"," "," "," "," "," "," "," "," "," "," "," "," "," "
"","Society of Asian Art of Hawai`i, Inc.","0.0","Unknown","Phase III; Ground floor A053 Cage","Collection"," ",""," "," ","Moderate"," ","","Business records of the Society of Asian Art of Hawai`i, Inc. Business name change filed for Society of Asian Art of Hawaii on September 22, 1999. Registered with current name on October 1, 2007. Purpose: Education and appreciation of Asian art (Dept of Commerce & Consumer Affairs, business name search).","2015-07-22T20:47:19Z","2015-07-22T21:02:13Z"," "," "," "," "," "," "," "," "," "," "," "," "," "
"","The Image Foundation","0.0","Unknown","Phase III; Ground floor A053 Cage","Collection"," ",""," "," ","Moderate"," ","","Corporate files of dissolved non-profit photograph organization based in Honolulu. Business registered July 26 1979. Purpose: To promote photography through education, exhibitions, the exchange of ideas (from Dept of Commerce & Consumer Affairs, business name search)","2015-07-22T20:39:47Z","2015-07-22T20:39:47Z"," "," "," "," "," "," "," "," "," "," "," "," "," "
